driver,team,compound,tyre_life,lap_number,stint,position,air_temp,track_temp,humidity,wind_speed,lap_time_s
RUS,Mercedes,MEDIUM,2,2,1,1,16.3,33.0,62.0,2.0,91.418
HAM,Mercedes,MEDIUM,2,2,1,2,16.3,33.0,62.0,2.0,91.42
VER,Red Bull Racing,MEDIUM,2,2,1,3,16.3,33.0,62.0,2.0,91.773
NOR,McLaren,MEDIUM,2,2,1,4,16.3,33.0,62.0,2.0,92.188
PIA,McLaren,MEDIUM,2,2,1,5,16.3,33.0,62.0,2.0,92.361
SAI,Ferrari,MEDIUM,2,2,1,6,16.3,33.0,62.0,2.0,92.359
STR,Aston Martin,MEDIUM,2,2,1,7,16.3,33.0,62.0,2.0,92.683
LEC,Ferrari,MEDIUM,2,2,1,8,16.3,33.0,62.0,2.0,92.858
HUL,Haas F1 Team,MEDIUM,2,2,1,9,16.3,33.0,62.0,2.0,92.844
ALO,Aston Martin,MEDIUM,2,2,1,10,16.3,33.0,62.0,2.0,93.202
TSU,RB,MEDIUM,2,2,1,11,16.3,33.0,62.0,2.0,93.214
ALB,Williams,MEDIUM,2,2,1,12,16.3,33.0,62.0,2.0,93.158
SAR,Williams,MEDIUM,2,2,1,13,16.3,33.0,62.0,2.0,93.435
ZHO,Kick Sauber,SOFT,2,2,1,14,16.3,33.0,62.0,2.0,93.563
RIC,RB,MEDIUM,2,2,1,15,16.3,33.0,62.0,2.0,93.709
OCO,Alpine,SOFT,2,2,1,16,16.3,33.0,62.0,2.0,93.846
MAG,Haas F1 Team,MEDIUM,2,2,1,17,16.3,33.0,62.0,2.0,94.216
BOT,Kick Sauber,MEDIUM,2,2,1,18,16.3,33.0,62.0,2.0,95.368
PER,Red Bull Racing,HARD,2,2,1,19,16.3,24.3,61.0,1.9,92.942
RUS,Mercedes,MEDIUM,3,3,1,1,16.3,24.1,61.0,2.5,91.298
HAM,Mercedes,MEDIUM,3,3,1,2,16.3,24.1,61.0,2.5,91.716
VER,Red Bull Racing,MEDIUM,3,3,1,3,16.3,24.1,61.0,2.5,92.2
NOR,McLaren,MEDIUM,3,3,1,4,16.3,24.1,61.0,2.5,91.991
PIA,McLaren,MEDIUM,3,3,1,5,16.3,24.1,61.0,2.5,91.927
SAI,Ferrari,MEDIUM,3,3,1,6,16.3,24.1,61.0,2.5,92.102
STR,Aston Martin,MEDIUM,3,3,1,7,16.3,24.1,61.0,2.5,92.307
LEC,Ferrari,MEDIUM,3,3,1,8,16.3,24.1,61.0,2.5,92.369
HUL,Haas F1 Team,MEDIUM,3,3,1,9,16.3,24.1,61.0,2.5,92.605
ALO,Aston Martin,MEDIUM,3,3,1,10,16.3,24.1,61.0,2.5,92.951
TSU,RB,MEDIUM,3,3,1,11,16.3,24.1,61.0,2.5,93.062
ALB,Williams,MEDIUM,3,3,1,12,16.3,24.1,61.0,2.5,93.373
SAR,Williams,MEDIUM,3,3,1,13,16.3,24.1,61.0,2.5,93.319
ZHO,Kick Sauber,SOFT,3,3,1,14,16.3,24.1,61.0,2.5,93.487
RIC,RB,MEDIUM,3,3,1,15,16.3,24.1,61.0,2.5,93.429
OCO,Alpine,SOFT,3,3,1,16,16.3,24.1,61.0,2.5,93.479
MAG,Haas F1 Team,MEDIUM,3,3,1,17,16.3,24.1,61.0,2.5,93.259
BOT,Kick Sauber,MEDIUM,3,3,1,18,16.3,24.1,61.0,2.5,94.447
PER,Red Bull Racing,HARD,3,3,1,19,16.3,24.1,61.0,2.5,92.34
RUS,Mercedes,MEDIUM,4,4,1,1,16.2,24.0,60.0,2.2,91.799
HAM,Mercedes,MEDIUM,4,4,1,2,16.2,24.0,60.0,2.2,91.988
VER,Red Bull Racing,MEDIUM,4,4,1,3,16.2,24.0,60.0,2.2,91.933
NOR,McLaren,MEDIUM,4,4,1,4,16.2,24.0,60.0,2.2,91.976
PIA,McLaren,MEDIUM,4,4,1,5,16.2,24.0,60.0,2.2,91.919
SAI,Ferrari,MEDIUM,4,4,1,6,16.2,24.0,60.0,2.2,92.045
STR,Aston Martin,MEDIUM,4,4,1,7,16.2,24.0,60.0,2.2,92.968
LEC,Ferrari,MEDIUM,4,4,1,8,16.2,24.0,60.0,2.2,92.705
HUL,Haas F1 Team,MEDIUM,4,4,1,9,16.2,24.0,60.0,2.2,92.563
ALO,Aston Martin,MEDIUM,4,4,1,10,16.3,24.2,60.0,2.4,93.192
TSU,RB,MEDIUM,4,4,1,11,16.3,24.2,60.0,2.4,93.164
ALB,Williams,MEDIUM,4,4,1,12,16.3,24.2,60.0,2.4,93.059
SAR,Williams,MEDIUM,4,4,1,13,16.3,24.2,60.0,2.4,93.11
ZHO,Kick Sauber,SOFT,4,4,1,14,16.3,24.2,60.0,2.4,93.221
RIC,RB,MEDIUM,4,4,1,15,16.3,24.2,60.0,2.4,93.253
OCO,Alpine,SOFT,4,4,1,16,16.3,24.2,60.0,2.4,93.316
MAG,Haas F1 Team,MEDIUM,4,4,1,17,16.3,24.2,60.0,2.4,93.11
PER,Red Bull Racing,HARD,4,4,1,18,16.3,24.2,60.0,2.4,92.57
BOT,Kick Sauber,MEDIUM,4,4,1,19,16.3,24.2,60.0,2.4,94.322
RUS,Mercedes,MEDIUM,5,5,1,1,16.2,24.3,61.0,2.1,91.628
HAM,Mercedes,MEDIUM,5,5,1,2,16.2,24.3,61.0,2.1,91.677
VER,Red Bull Racing,MEDIUM,5,5,1,3,16.2,24.3,61.0,2.1,91.778
NOR,McLaren,MEDIUM,5,5,1,4,16.2,24.3,61.0,2.1,91.716
PIA,McLaren,MEDIUM,5,5,1,5,16.2,24.3,61.0,2.1,91.832
SAI,Ferrari,MEDIUM,5,5,1,6,16.2,24.3,61.0,2.1,91.939
STR,Aston Martin,MEDIUM,5,5,1,7,16.2,24.3,61.0,2.1,92.706
LEC,Ferrari,MEDIUM,5,5,1,8,16.2,24.3,61.0,2.1,92.697
HUL,Haas F1 Team,MEDIUM,5,5,1,9,16.2,24.3,61.0,2.1,92.768
ALO,Aston Martin,MEDIUM,5,5,1,10,16.2,24.3,61.0,2.1,92.617
TSU,RB,MEDIUM,5,5,1,11,16.2,24.3,61.0,2.1,92.607
ALB,Williams,MEDIUM,5,5,1,12,16.2,24.3,61.0,2.1,92.846
SAR,Williams,MEDIUM,5,5,1,13,16.2,24.3,61.0,2.1,93.139
ZHO,Kick Sauber,SOFT,5,5,1,14,16.2,24.3,61.0,2.1,93.271
RIC,RB,MEDIUM,5,5,1,15,16.2,24.3,61.0,2.1,93.263
OCO,Alpine,SOFT,5,5,1,16,16.2,24.3,61.0,2.1,93.21
MAG,Haas F1 Team,MEDIUM,5,5,1,17,16.2,24.3,61.0,2.1,92.999
PER,Red Bull Racing,HARD,5,5,1,18,16.2,24.3,61.0,2.1,92.111
BOT,Kick Sauber,MEDIUM,5,5,1,19,16.2,24.3,61.0,2.1,93.768
RUS,Mercedes,MEDIUM,6,6,1,1,16.3,25.4,61.0,2.1,91.625
HAM,Mercedes,MEDIUM,6,6,1,2,16.3,25.4,61.0,2.1,91.746
VER,Red Bull Racing,MEDIUM,6,6,1,3,16.3,25.4,61.0,2.1,91.711
NOR,McLaren,MEDIUM,6,6,1,4,16.3,25.4,61.0,2.1,91.896
PIA,McLaren,MEDIUM,6,6,1,5,16.3,25.4,61.0,2.1,92.062
SAI,Ferrari,MEDIUM,6,6,1,6,16.3,25.4,61.0,2.1,91.9
STR,Aston Martin,MEDIUM,6,6,1,7,16.4,25.8,60.0,2.4,92.788
LEC,Ferrari,MEDIUM,6,6,1,8,16.4,25.8,60.0,2.4,92.758
HUL,Haas F1 Team,MEDIUM,6,6,1,9,16.4,25.8,60.0,2.4,92.697
ALO,Aston Martin,MEDIUM,6,6,1,10,16.4,25.8,60.0,2.4,92.673
TSU,RB,MEDIUM,6,6,1,11,16.4,25.8,60.0,2.4,92.614
ALB,Williams,MEDIUM,6,6,1,12,16.4,25.8,60.0,2.4,93.014
SAR,Williams,MEDIUM,6,6,1,13,16.4,25.8,60.0,2.4,92.904
ZHO,Kick Sauber,SOFT,6,6,1,14,16.4,25.8,60.0,2.4,93.788
RIC,RB,MEDIUM,6,6,1,15,16.4,25.8,60.0,2.4,93.666
OCO,Alpine,SOFT,6,6,1,16,16.4,25.8,60.0,2.4,93.616
MAG,Haas F1 Team,MEDIUM,6,6,1,17,16.4,25.8,60.0,2.4,93.544
PER,Red Bull Racing,HARD,6,6,1,18,16.4,25.8,60.0,2.4,92.25
BOT,Kick Sauber,MEDIUM,6,6,1,19,16.4,25.8,60.0,2.4,93.46
RUS,Mercedes,MEDIUM,7,7,1,1,16.4,26.0,60.0,1.6,91.663
HAM,Mercedes,MEDIUM,7,7,1,2,16.4,26.0,60.0,1.6,91.675
VER,Red Bull Racing,MEDIUM,7,7,1,3,16.4,26.0,60.0,1.6,91.935
NOR,McLaren,MEDIUM,7,7,1,4,16.4,26.0,60.0,1.6,92.071
PIA,McLaren,MEDIUM,7,7,1,5,16.4,26.0,60.0,1.6,91.925
SAI,Ferrari,MEDIUM,7,7,1,6,16.4,26.0,60.0,1.6,92.702
STR,Aston Martin,MEDIUM,7,7,1,7,16.4,26.0,60.0,1.6,92.716
LEC,Ferrari,MEDIUM,7,7,1,8,16.4,26.0,60.0,1.6,92.662
HUL,Haas F1 Team,MEDIUM,7,7,1,9,16.4,26.0,60.0,1.6,92.733
ALO,Aston Martin,MEDIUM,7,7,1,10,16.4,26.0,60.0,1.6,92.712
TSU,RB,MEDIUM,7,7,1,11,16.4,26.0,60.0,1.6,92.817
ALB,Williams,MEDIUM,7,7,1,12,16.4,26.0,60.0,1.6,92.939
SAR,Williams,MEDIUM,7,7,1,13,16.4,26.0,60.0,1.6,93.002
RIC,RB,MEDIUM,7,7,1,14,16.4,26.0,60.0,1.6,92.952
ZHO,Kick Sauber,SOFT,7,7,1,15,16.4,26.0,60.0,1.6,94.51
MAG,Haas F1 Team,MEDIUM,7,7,1,16,16.4,26.0,60.0,1.6,93.734
PER,Red Bull Racing,HARD,7,7,1,17,16.4,26.0,60.0,1.6,93.313
OCO,Alpine,SOFT,7,7,1,18,16.4,26.0,60.0,1.6,95.183
BOT,Kick Sauber,MEDIUM,7,7,1,19,16.4,26.0,60.0,1.6,93.648
RUS,Mercedes,MEDIUM,8,8,1,1,16.5,26.1,61.0,2.0,91.731
HAM,Mercedes,MEDIUM,8,8,1,2,16.5,26.1,61.0,2.0,91.76
VER,Red Bull Racing,MEDIUM,8,8,1,3,16.6,26.0,62.0,0.9,92.038
NOR,McLaren,MEDIUM,8,8,1,4,16.6,26.0,62.0,0.9,92.018
PIA,McLaren,MEDIUM,8,8,1,5,16.6,26.0,62.0,0.9,91.994
SAI,Ferrari,MEDIUM,8,8,1,6,16.6,26.0,62.0,0.9,92.372
STR,Aston Martin,MEDIUM,8,8,1,7,16.6,26.0,62.0,0.9,92.648
LEC,Ferrari,MEDIUM,8,8,1,8,16.6,26.0,62.0,0.9,92.86
HUL,Haas F1 Team,MEDIUM,8,8,1,9,16.6,26.0,62.0,0.9,92.802
ALO,Aston Martin,MEDIUM,8,8,1,10,16.6,26.0,62.0,0.9,92.496
TSU,RB,MEDIUM,8,8,1,11,16.6,26.0,62.0,0.9,92.623
ALB,Williams,MEDIUM,8,8,1,12,16.6,26.0,62.0,0.9,92.798
SAR,Williams,MEDIUM,8,8,1,13,16.6,26.0,62.0,0.9,92.806
RIC,RB,MEDIUM,8,8,1,14,16.6,26.0,62.0,0.9,93.095
MAG,Haas F1 Team,MEDIUM,8,8,1,15,16.6,26.0,62.0,0.9,93.204
PER,Red Bull Racing,HARD,8,8,1,16,16.6,26.0,62.0,0.9,93.407
OCO,Alpine,SOFT,8,8,1,17,16.6,26.0,62.0,0.9,93.79
ZHO,Kick Sauber,SOFT,8,8,1,18,16.6,26.0,62.0,0.9,96.323
BOT,Kick Sauber,MEDIUM,8,8,1,19,16.6,26.0,62.0,0.9,93.561
RUS,Mercedes,MEDIUM,9,9,1,1,16.8,25.7,61.0,1.5,91.621
HAM,Mercedes,MEDIUM,9,9,1,2,16.8,25.7,61.0,1.5,91.564
VER,Red Bull Racing,MEDIUM,9,9,1,3,16.8,25.7,61.0,1.5,91.883
NOR,McLaren,MEDIUM,9,9,1,4,16.8,25.7,61.0,1.5,91.976
PIA,McLaren,MEDIUM,9,9,1,5,16.8,25.7,61.0,1.5,92.0
SAI,Ferrari,MEDIUM,9,9,1,6,16.8,25.7,61.0,1.5,92.484
STR,Aston Martin,MEDIUM,9,9,1,7,16.8,25.7,61.0,1.5,92.291
LEC,Ferrari,MEDIUM,9,9,1,8,16.8,25.7,61.0,1.5,92.326
HUL,Haas F1 Team,MEDIUM,9,9,1,9,16.8,25.7,61.0,1.5,92.396
ALO,Aston Martin,MEDIUM,9,9,1,10,16.8,25.7,61.0,1.5,92.579
TSU,RB,MEDIUM,9,9,1,11,16.8,25.7,61.0,1.5,92.57
ALB,Williams,MEDIUM,9,9,1,12,16.8,25.7,61.0,1.5,92.933
SAR,Williams,MEDIUM,9,9,1,13,16.8,25.7,61.0,1.5,93.019
RIC,RB,MEDIUM,9,9,1,14,16.8,25.7,61.0,1.5,92.762
MAG,Haas F1 Team,MEDIUM,9,9,1,15,16.8,25.7,61.0,1.5,92.783
PER,Red Bull Racing,HARD,9,9,1,16,16.8,25.7,61.0,1.5,92.8
OCO,Alpine,SOFT,9,9,1,17,16.8,25.7,61.0,1.5,93.898
ZHO,Kick Sauber,SOFT,9,9,1,18,16.8,25.7,61.0,1.5,95.322
BOT,Kick Sauber,MEDIUM,9,9,1,19,16.8,25.7,61.0,1.5,93.645
RUS,Mercedes,MEDIUM,10,10,1,1,16.8,25.6,62.0,1.7,91.639
HAM,Mercedes,MEDIUM,10,10,1,2,16.8,25.4,60.0,2.0,91.515
VER,Red Bull Racing,MEDIUM,10,10,1,3,16.8,25.4,60.0,2.0,91.661
NOR,McLaren,MEDIUM,10,10,1,4,16.8,25.4,60.0,2.0,91.83
PIA,McLaren,MEDIUM,10,10,1,5,16.8,25.4,60.0,2.0,91.811
SAI,Ferrari,MEDIUM,10,10,1,6,16.8,25.4,60.0,2.0,92.362
STR,Aston Martin,MEDIUM,10,10,1,7,16.8,25.4,60.0,2.0,92.619
LEC,Ferrari,MEDIUM,10,10,1,8,16.8,25.4,60.0,2.0,92.496
HUL,Haas F1 Team,MEDIUM,10,10,1,9,16.8,25.4,60.0,2.0,92.439
ALO,Aston Martin,MEDIUM,10,10,1,10,16.8,25.4,60.0,2.0,92.741
TSU,RB,MEDIUM,10,10,1,11,16.8,25.4,60.0,2.0,93.438
ALB,Williams,MEDIUM,10,10,1,12,16.8,25.4,60.0,2.0,93.073
SAR,Williams,MEDIUM,10,10,1,13,16.8,25.4,60.0,2.0,92.956
RIC,RB,MEDIUM,10,10,1,14,16.8,25.4,60.0,2.0,92.721
MAG,Haas F1 Team,MEDIUM,10,10,1,15,16.8,25.4,60.0,2.0,92.647
PER,Red Bull Racing,HARD,10,10,1,16,16.8,25.4,60.0,2.0,92.709
OCO,Alpine,SOFT,10,10,1,17,16.8,25.4,60.0,2.0,93.843
BOT,Kick Sauber,MEDIUM,10,10,1,18,16.8,25.4,60.0,2.0,93.787
ZHO,Kick Sauber,SOFT,10,10,1,19,16.8,25.4,60.0,2.0,95.828
RUS,Mercedes,MEDIUM,11,11,1,1,16.7,25.3,59.0,2.1,91.586
HAM,Mercedes,MEDIUM,11,11,1,2,16.7,25.3,59.0,2.1,91.487
VER,Red Bull Racing,MEDIUM,11,11,1,3,16.7,25.3,59.0,2.1,91.81
NOR,McLaren,MEDIUM,11,11,1,4,16.7,25.3,59.0,2.1,91.748
PIA,McLaren,MEDIUM,11,11,1,5,16.7,25.3,59.0,2.1,91.855
SAI,Ferrari,MEDIUM,11,11,1,6,16.7,25.3,59.0,2.1,92.123
STR,Aston Martin,MEDIUM,11,11,1,7,16.7,25.3,59.0,2.1,92.273
LEC,Ferrari,MEDIUM,11,11,1,8,16.7,25.3,59.0,2.1,92.348
HUL,Haas F1 Team,MEDIUM,11,11,1,9,16.7,25.3,59.0,2.1,92.428
ALO,Aston Martin,MEDIUM,11,11,1,10,16.7,25.3,59.0,2.1,92.548
TSU,RB,MEDIUM,11,11,1,11,16.7,25.3,59.0,2.1,92.805
ALB,Williams,MEDIUM,11,11,1,12,16.7,25.3,59.0,2.1,92.981
SAR,Williams,MEDIUM,11,11,1,13,16.7,25.3,59.0,2.1,92.897
RIC,RB,MEDIUM,11,11,1,14,16.7,25.3,59.0,2.1,92.804
MAG,Haas F1 Team,MEDIUM,11,11,1,15,16.7,25.3,59.0,2.1,92.671
PER,Red Bull Racing,HARD,11,11,1,16,16.7,25.3,59.0,2.1,92.491
OCO,Alpine,SOFT,11,11,1,17,16.7,25.2,61.0,2.1,93.846
BOT,Kick Sauber,MEDIUM,11,11,1,18,16.7,25.2,61.0,2.1,93.561
ZHO,Kick Sauber,SOFT,11,11,1,19,16.7,25.2,61.0,2.1,95.012
RUS,Mercedes,MEDIUM,12,12,1,1,16.7,24.9,60.0,1.8,91.619
HAM,Mercedes,MEDIUM,12,12,1,2,16.7,24.9,60.0,1.8,91.563
VER,Red Bull Racing,MEDIUM,12,12,1,3,16.7,24.9,60.0,1.8,91.894
NOR,McLaren,MEDIUM,12,12,1,4,16.7,24.9,60.0,1.8,91.718
PIA,McLaren,MEDIUM,12,12,1,5,16.7,24.9,60.0,1.8,91.663
SAI,Ferrari,MEDIUM,12,12,1,6,16.7,24.9,60.0,1.8,92.358
STR,Aston Martin,MEDIUM,12,12,1,7,16.7,24.9,60.0,1.8,92.362
LEC,Ferrari,MEDIUM,12,12,1,8,16.7,24.9,60.0,1.8,92.236
HUL,Haas F1 Team,MEDIUM,12,12,1,9,16.7,24.9,60.0,1.8,92.401
ALO,Aston Martin,MEDIUM,12,12,1,10,16.7,24.9,60.0,1.8,92.427
TSU,RB,MEDIUM,12,12,1,11,16.7,24.9,60.0,1.8,92.782
ALB,Williams,MEDIUM,12,12,1,12,16.7,24.9,60.0,1.8,92.567
SAR,Williams,MEDIUM,12,12,1,13,16.7,24.9,60.0,1.8,92.748
RIC,RB,MEDIUM,12,12,1,14,16.7,24.9,60.0,1.8,92.797
MAG,Haas F1 Team,MEDIUM,12,12,1,15,16.7,24.9,60.0,1.8,92.531
PER,Red Bull Racing,HARD,12,12,1,16,16.7,24.9,60.0,1.8,92.509
OCO,Alpine,SOFT,12,12,1,17,16.7,24.9,60.0,1.8,94.071
BOT,Kick Sauber,MEDIUM,12,12,1,18,16.7,24.9,60.0,1.8,93.269
RUS,Mercedes,MEDIUM,13,13,1,1,16.6,24.8,59.0,2.1,91.716
HAM,Mercedes,MEDIUM,13,13,1,2,16.6,24.8,59.0,2.1,91.881
VER,Red Bull Racing,MEDIUM,13,13,1,3,16.6,24.8,59.0,2.1,91.759
NOR,McLaren,MEDIUM,13,13,1,4,16.6,24.8,59.0,2.1,91.472
PIA,McLaren,MEDIUM,13,13,1,5,16.6,24.8,59.0,2.1,91.896
SAI,Ferrari,MEDIUM,13,13,1,6,16.6,24.8,59.0,2.1,92.251
LEC,Ferrari,MEDIUM,13,13,1,7,16.6,24.8,59.0,2.1,91.989
STR,Aston Martin,MEDIUM,13,13,1,8,16.6,24.8,59.0,2.1,93.092
HUL,Haas F1 Team,MEDIUM,13,13,1,9,16.6,24.8,59.0,2.1,92.468
ALO,Aston Martin,MEDIUM,13,13,1,10,16.6,24.8,59.0,2.1,92.517
TSU,RB,MEDIUM,13,13,1,11,16.6,24.8,59.0,2.1,93.031
ALB,Williams,MEDIUM,13,13,1,12,16.6,24.8,59.0,2.1,92.769
SAR,Williams,MEDIUM,13,13,1,13,16.6,24.8,59.0,2.1,93.04
RIC,RB,MEDIUM,13,13,1,14,16.5,24.6,60.0,1.2,92.88
MAG,Haas F1 Team,MEDIUM,13,13,1,15,16.5,24.6,60.0,1.2,92.74
PER,Red Bull Racing,HARD,13,13,1,16,16.5,24.6,60.0,1.2,92.772
OCO,Alpine,SOFT,13,13,1,17,16.5,24.6,60.0,1.2,94.491
BOT,Kick Sauber,MEDIUM,13,13,1,18,16.5,24.6,60.0,1.2,93.65
RUS,Mercedes,MEDIUM,14,14,1,1,16.5,24.6,59.0,1.9,91.478
HAM,Mercedes,MEDIUM,14,14,1,2,16.5,24.6,59.0,1.9,91.609
VER,Red Bull Racing,MEDIUM,14,14,1,3,16.5,24.6,59.0,1.9,91.7
NOR,McLaren,MEDIUM,14,14,1,4,16.5,24.6,59.0,1.9,91.407
PIA,McLaren,MEDIUM,14,14,1,5,16.5,24.6,59.0,1.9,91.697
SAI,Ferrari,MEDIUM,14,14,1,6,16.5,24.6,59.0,1.9,92.106
LEC,Ferrari,MEDIUM,14,14,1,7,16.5,24.6,59.0,1.9,92.396
STR,Aston Martin,MEDIUM,14,14,1,8,16.5,24.6,59.0,1.9,92.641
HUL,Haas F1 Team,MEDIUM,14,14,1,9,16.5,24.6,59.0,1.9,92.621
ALO,Aston Martin,MEDIUM,14,14,1,10,16.5,24.6,59.0,1.9,92.383
TSU,RB,MEDIUM,14,14,1,11,16.5,24.6,59.0,1.9,92.731
ALB,Williams,MEDIUM,14,14,1,12,16.5,24.6,59.0,1.9,92.538
SAR,Williams,MEDIUM,14,14,1,13,16.5,24.6,59.0,1.9,92.607
RIC,RB,MEDIUM,14,14,1,14,16.5,24.6,59.0,1.9,92.933
MAG,Haas F1 Team,MEDIUM,14,14,1,15,16.5,24.6,59.0,1.9,92.506
PER,Red Bull Racing,HARD,14,14,1,16,16.5,24.6,59.0,1.9,92.488
BOT,Kick Sauber,MEDIUM,14,14,1,17,16.5,24.6,59.0,1.9,93.156
OCO,Alpine,SOFT,14,14,1,18,16.5,24.6,59.0,1.9,95.293
ZHO,Kick Sauber,MEDIUM,2,14,2,19,16.5,24.4,59.0,1.4,92.45
RUS,Mercedes,MEDIUM,15,15,1,1,16.5,24.4,59.0,1.4,91.566
HAM,Mercedes,MEDIUM,15,15,1,2,16.5,24.4,59.0,1.4,91.563
NOR,McLaren,MEDIUM,15,15,1,3,16.5,24.4,59.0,1.4,90.946
VER,Red Bull Racing,MEDIUM,15,15,1,4,16.5,24.4,59.0,1.4,92.249
PIA,McLaren,MEDIUM,15,15,1,5,16.5,24.4,59.0,1.4,91.514
SAI,Ferrari,MEDIUM,15,15,1,6,16.5,24.4,59.0,1.4,91.916
LEC,Ferrari,MEDIUM,15,15,1,7,16.5,24.4,59.0,1.4,92.755
STR,Aston Martin,MEDIUM,15,15,1,8,16.5,24.4,59.0,1.4,92.649
HUL,Haas F1 Team,MEDIUM,15,15,1,9,16.5,24.4,59.0,1.4,92.672
ALO,Aston Martin,MEDIUM,15,15,1,10,16.5,24.4,59.0,1.4,92.259
TSU,RB,MEDIUM,15,15,1,11,16.5,24.3,60.0,1.4,92.589
ALB,Williams,MEDIUM,15,15,1,12,16.5,24.3,60.0,1.4,92.265
SAR,Williams,MEDIUM,15,15,1,13,16.5,24.3,60.0,1.4,92.543
RIC,RB,MEDIUM,15,15,1,14,16.5,24.3,60.0,1.4,93.171
MAG,Haas F1 Team,MEDIUM,15,15,1,15,16.5,24.3,60.0,1.4,92.953
PER,Red Bull Racing,HARD,15,15,1,16,16.5,24.3,60.0,1.4,92.702
BOT,Kick Sauber,MEDIUM,15,15,1,17,16.5,24.3,60.0,1.4,93.228
OCO,Alpine,SOFT,15,15,1,18,16.5,24.3,60.0,1.4,94.884
ZHO,Kick Sauber,MEDIUM,3,15,2,19,16.5,24.3,60.0,1.4,92.479
RUS,Mercedes,MEDIUM,16,16,1,1,16.4,24.3,62.0,1.6,91.626
HAM,Mercedes,MEDIUM,16,16,1,2,16.4,24.3,62.0,1.6,91.931
NOR,McLaren,MEDIUM,16,16,1,3,16.4,24.3,62.0,1.6,91.69
VER,Red Bull Racing,MEDIUM,16,16,1,4,16.4,24.3,62.0,1.6,92.504
PIA,McLaren,MEDIUM,16,16,1,5,16.4,24.3,62.0,1.6,92.118
SAI,Ferrari,MEDIUM,16,16,1,6,16.4,24.3,62.0,1.6,92.455
LEC,Ferrari,MEDIUM,16,16,1,7,16.4,24.3,62.0,1.6,92.923
STR,Aston Martin,MEDIUM,16,16,1,8,16.4,24.3,62.0,1.6,93.091
HUL,Haas F1 Team,MEDIUM,16,16,1,9,16.4,24.3,62.0,1.6,93.194
ALO,Aston Martin,MEDIUM,16,16,1,10,16.4,24.3,62.0,1.6,92.59
TSU,RB,MEDIUM,16,16,1,11,16.4,24.3,62.0,1.6,93.209
ALB,Williams,MEDIUM,16,16,1,12,16.4,24.3,62.0,1.6,93.178
SAR,Williams,MEDIUM,16,16,1,13,16.4,24.3,62.0,1.6,93.701
MAG,Haas F1 Team,MEDIUM,16,16,1,14,16.4,24.3,62.0,1.6,93.486
RIC,RB,MEDIUM,16,16,1,15,16.4,24.3,62.0,1.6,94.437
PER,Red Bull Racing,HARD,16,16,1,16,16.4,24.3,62.0,1.6,94.231
BOT,Kick Sauber,MEDIUM,16,16,1,17,16.4,24.3,62.0,1.6,93.967
OCO,Alpine,SOFT,16,16,1,18,16.4,24.3,62.0,1.6,96.522
ZHO,Kick Sauber,MEDIUM,4,16,2,19,16.5,24.3,61.0,1.5,95.202
RUS,Mercedes,MEDIUM,17,17,1,1,16.5,24.3,61.0,1.5,94.793
HAM,Mercedes,MEDIUM,17,17,1,2,16.5,24.3,61.0,1.5,93.721
NOR,McLaren,MEDIUM,17,17,1,3,16.5,24.3,61.0,1.5,94.304
PIA,McLaren,MEDIUM,17,17,1,4,16.5,24.3,61.0,1.5,93.988
VER,Red Bull Racing,MEDIUM,17,17,1,5,16.5,24.3,61.0,1.5,95.359
SAI,Ferrari,MEDIUM,17,17,1,6,16.5,24.3,61.0,1.5,94.228
LEC,Ferrari,MEDIUM,17,17,1,7,16.6,23.9,60.0,1.6,95.28
STR,Aston Martin,MEDIUM,17,17,1,8,16.6,23.9,60.0,1.6,95.713
HUL,Haas F1 Team,MEDIUM,17,17,1,9,16.6,23.9,60.0,1.6,95.447
ALO,Aston Martin,MEDIUM,17,17,1,10,16.6,23.9,60.0,1.6,95.014
TSU,RB,MEDIUM,17,17,1,11,16.6,23.9,60.0,1.6,94.738
ALB,Williams,MEDIUM,17,17,1,12,16.6,23.9,60.0,1.6,94.873
SAR,Williams,MEDIUM,17,17,1,13,16.6,23.9,60.0,1.6,95.258
MAG,Haas F1 Team,MEDIUM,17,17,1,14,16.6,23.9,60.0,1.6,94.661
PER,Red Bull Racing,HARD,17,17,1,15,16.6,23.9,60.0,1.6,94.829
RIC,RB,MEDIUM,17,17,1,16,16.6,23.9,60.0,1.6,95.885
BOT,Kick Sauber,MEDIUM,17,17,1,17,16.6,23.9,60.0,1.6,95.498
OCO,Alpine,SOFT,17,17,1,18,16.6,23.9,60.0,1.6,98.735
ZHO,Kick Sauber,MEDIUM,5,17,2,19,16.6,23.9,60.0,1.6,98.106
HAM,Mercedes,MEDIUM,18,18,1,1,16.4,23.2,63.0,1.5,95.071
RUS,Mercedes,MEDIUM,18,18,1,2,16.4,23.2,63.0,1.5,96.365
NOR,McLaren,MEDIUM,18,18,1,3,16.4,23.2,63.0,1.5,94.125
PIA,McLaren,MEDIUM,18,18,1,4,16.4,23.2,63.0,1.5,94.269
VER,Red Bull Racing,MEDIUM,18,18,1,5,16.4,23.2,63.0,1.5,96.172
SAI,Ferrari,MEDIUM,18,18,1,6,16.4,23.2,63.0,1.5,94.31
LEC,Ferrari,MEDIUM,18,18,1,7,16.4,23.2,63.0,1.5,95.951
STR,Aston Martin,MEDIUM,18,18,1,8,16.4,23.2,63.0,1.5,95.789
HUL,Haas F1 Team,MEDIUM,18,18,1,9,16.4,23.2,63.0,1.5,95.834
ALO,Aston Martin,MEDIUM,18,18,1,10,16.4,23.2,63.0,1.5,95.88
TSU,RB,MEDIUM,18,18,1,11,16.4,23.2,63.0,1.5,95.392
ALB,Williams,MEDIUM,18,18,1,12,16.4,23.2,63.0,1.5,95.323
SAR,Williams,MEDIUM,18,18,1,13,16.4,23.2,63.0,1.5,94.9
MAG,Haas F1 Team,MEDIUM,18,18,1,14,16.4,23.2,63.0,1.5,94.73
PER,Red Bull Racing,HARD,18,18,1,15,16.4,23.2,63.0,1.5,95.384
RIC,RB,MEDIUM,18,18,1,16,16.4,23.2,63.0,1.5,96.827
BOT,Kick Sauber,MEDIUM,18,18,1,17,16.2,22.9,64.0,1.5,96.075
OCO,Alpine,SOFT,18,18,1,18,16.2,22.9,64.0,1.5,98.497
ZHO,Kick Sauber,MEDIUM,6,18,2,19,16.2,22.9,64.0,1.5,99.637
HAM,Mercedes,MEDIUM,19,19,1,1,16.1,22.5,67.0,0.7,103.711
NOR,McLaren,MEDIUM,19,19,1,2,16.1,22.5,67.0,0.7,101.436
RUS,Mercedes,MEDIUM,19,19,1,3,16.1,22.5,67.0,0.7,104.151
PIA,McLaren,MEDIUM,19,19,1,4,16.1,22.5,67.0,0.7,100.728
VER,Red Bull Racing,MEDIUM,19,19,1,5,16.1,22.5,67.0,0.7,102.485
SAI,Ferrari,MEDIUM,19,19,1,6,16.1,22.5,67.0,0.7,100.51
HUL,Haas F1 Team,MEDIUM,19,19,1,8,16.1,22.5,67.0,0.7,105.752
STR,Aston Martin,MEDIUM,19,19,1,9,16.1,22.5,67.0,0.7,107.568
ALO,Aston Martin,MEDIUM,19,19,1,10,16.1,22.5,67.0,0.7,107.27
TSU,RB,MEDIUM,19,19,1,11,16.1,22.5,67.0,0.7,104.585
ALB,Williams,MEDIUM,19,19,1,12,16.1,22.5,67.0,0.7,104.619
SAR,Williams,MEDIUM,19,19,1,13,16.1,22.5,67.0,0.7,104.09
MAG,Haas F1 Team,MEDIUM,19,19,1,14,16.1,22.5,67.0,0.7,103.505
RIC,RB,MEDIUM,19,19,1,16,16.1,22.5,67.0,0.7,104.922
BOT,Kick Sauber,MEDIUM,19,19,1,17,16.1,22.5,67.0,0.7,104.426
NOR,McLaren,MEDIUM,20,20,1,1,15.9,22.3,67.0,1.6,97.704
PIA,McLaren,MEDIUM,20,20,1,2,15.9,22.3,67.0,1.6,97.348
HAM,Mercedes,MEDIUM,20,20,1,3,15.9,22.3,67.0,1.6,100.021
RUS,Mercedes,MEDIUM,20,20,1,4,15.9,22.3,67.0,1.6,99.962
VER,Red Bull Racing,MEDIUM,20,20,1,5,15.9,22.3,67.0,1.6,97.108
SAI,Ferrari,MEDIUM,20,20,1,6,15.9,22.3,67.0,1.6,96.538
HUL,Haas F1 Team,MEDIUM,20,20,1,7,15.6,22.1,69.0,1.6,97.529
ALO,Aston Martin,MEDIUM,20,20,1,8,15.6,22.1,69.0,1.6,96.48
STR,Aston Martin,MEDIUM,20,20,1,9,15.6,22.1,69.0,1.6,97.491
TSU,RB,MEDIUM,20,20,1,10,15.6,22.1,69.0,1.6,96.875
ALB,Williams,MEDIUM,20,20,1,11,15.6,22.1,69.0,1.6,96.53
SAR,Williams,MEDIUM,20,20,1,12,15.6,22.1,69.0,1.6,96.116
MAG,Haas F1 Team,MEDIUM,20,20,1,13,15.6,22.1,69.0,1.6,95.181
RIC,RB,MEDIUM,20,20,1,14,15.6,22.1,69.0,1.6,97.33
BOT,Kick Sauber,MEDIUM,20,20,1,16,15.6,22.1,69.0,1.6,98.542
NOR,McLaren,MEDIUM,21,21,1,1,15.4,22.1,68.0,0.9,91.513
PIA,McLaren,MEDIUM,21,21,1,2,15.4,22.1,68.0,0.9,91.819
HAM,Mercedes,MEDIUM,21,21,1,3,15.4,22.1,68.0,0.9,92.156
RUS,Mercedes,MEDIUM,21,21,1,4,15.4,22.1,68.0,0.9,92.753
VER,Red Bull Racing,MEDIUM,21,21,1,5,15.4,22.1,68.0,0.9,93.488
SAI,Ferrari,MEDIUM,21,21,1,6,15.4,22.1,68.0,0.9,93.507
HUL,Haas F1 Team,MEDIUM,21,21,1,7,15.4,22.1,68.0,0.9,92.649
ALO,Aston Martin,MEDIUM,21,21,1,8,15.4,22.1,68.0,0.9,92.999
STR,Aston Martin,MEDIUM,21,21,1,9,15.4,22.1,68.0,0.9,93.291
TSU,RB,MEDIUM,21,21,1,10,15.4,22.1,68.0,0.9,93.724
ALB,Williams,MEDIUM,21,21,1,11,15.4,22.1,68.0,0.9,93.646
SAR,Williams,MEDIUM,21,21,1,12,15.4,22.1,68.0,0.9,93.632
MAG,Haas F1 Team,MEDIUM,21,21,1,13,15.4,22.1,68.0,0.9,93.484
RIC,RB,MEDIUM,21,21,1,14,15.4,22.1,68.0,0.9,94.722
BOT,Kick Sauber,MEDIUM,21,21,1,15,15.2,22.0,68.0,0.7,95.235
LEC,Ferrari,INTERMEDIATE,2,21,2,16,15.2,22.0,68.0,0.7,102.846
PER,Red Bull Racing,INTERMEDIATE,2,21,2,17,15.2,22.0,68.0,0.7,101.997
NOR,McLaren,MEDIUM,22,22,1,1,15.2,22.0,68.0,0.7,90.86
PIA,McLaren,MEDIUM,22,22,1,2,15.2,22.0,68.0,0.7,91.169
HAM,Mercedes,MEDIUM,22,22,1,3,15.2,22.0,68.0,0.7,91.095
RUS,Mercedes,MEDIUM,22,22,1,4,15.2,22.0,68.0,0.7,91.344
VER,Red Bull Racing,MEDIUM,22,22,1,5,15.2,22.0,68.0,0.7,91.904
SAI,Ferrari,MEDIUM,22,22,1,6,15.2,22.0,68.0,0.7,92.157
HUL,Haas F1 Team,MEDIUM,22,22,1,7,15.2,22.0,69.0,1.2,92.233
ZHO,Kick Sauber,INTERMEDIATE,2,21,3,19,15.2,22.0,69.0,1.2,104.56
ALO,Aston Martin,MEDIUM,22,22,1,8,15.2,22.0,69.0,1.2,92.673
STR,Aston Martin,MEDIUM,22,22,1,9,15.2,22.0,69.0,1.2,92.495
TSU,RB,MEDIUM,22,22,1,10,15.2,22.0,69.0,1.2,92.681
ALB,Williams,MEDIUM,22,22,1,11,15.2,22.0,69.0,1.2,93.086
SAR,Williams,MEDIUM,22,22,1,12,15.2,22.0,69.0,1.2,92.826
MAG,Haas F1 Team,MEDIUM,22,22,1,13,15.2,22.0,69.0,1.2,92.766
RIC,RB,MEDIUM,22,22,1,14,15.2,22.0,69.0,1.2,93.015
BOT,Kick Sauber,MEDIUM,22,22,1,15,15.2,22.0,69.0,1.2,94.03
LEC,Ferrari,INTERMEDIATE,3,22,2,16,15.2,22.0,69.0,1.2,104.352
PER,Red Bull Racing,INTERMEDIATE,3,22,2,17,15.2,22.0,69.0,1.2,104.936
NOR,McLaren,MEDIUM,23,23,1,1,15.1,21.9,68.0,0.8,91.176
PIA,McLaren,MEDIUM,23,23,1,2,15.1,21.9,68.0,0.8,90.976
HAM,Mercedes,MEDIUM,23,23,1,3,15.1,21.9,68.0,0.8,91.107
RUS,Mercedes,MEDIUM,23,23,1,4,15.1,21.9,68.0,0.8,91.497
VER,Red Bull Racing,MEDIUM,23,23,1,5,15.1,21.9,68.0,0.8,92.143
SAI,Ferrari,MEDIUM,23,23,1,6,15.1,21.9,68.0,0.8,92.297
HUL,Haas F1 Team,MEDIUM,23,23,1,7,15.1,21.9,68.0,0.8,92.612
ALO,Aston Martin,MEDIUM,23,23,1,8,15.1,21.9,68.0,0.8,92.593
STR,Aston Martin,MEDIUM,23,23,1,9,15.1,21.9,68.0,0.8,93.062
TSU,RB,MEDIUM,23,23,1,10,15.1,21.9,68.0,0.8,93.106
ALB,Williams,MEDIUM,23,23,1,11,15.1,21.9,68.0,0.8,92.891
MAG,Haas F1 Team,MEDIUM,23,23,1,12,15.1,21.9,68.0,0.8,93.278
SAR,Williams,MEDIUM,23,23,1,13,15.1,21.9,68.0,0.8,94.494
RIC,RB,MEDIUM,23,23,1,14,15.1,21.9,68.0,0.8,94.224
ZHO,Kick Sauber,INTERMEDIATE,3,22,3,19,15.1,22.0,68.0,0.8,110.248
BOT,Kick Sauber,MEDIUM,23,23,1,15,15.1,22.0,68.0,0.8,94.076
LEC,Ferrari,INTERMEDIATE,4,23,2,16,15.1,22.0,68.0,0.8,106.593
PER,Red Bull Racing,INTERMEDIATE,4,23,2,17,15.1,22.0,68.0,0.8,106.214
NOR,McLaren,MEDIUM,24,24,1,1,15.1,22.0,68.0,0.8,91.629
PIA,McLaren,MEDIUM,24,24,1,2,15.1,22.0,68.0,0.8,91.392
HAM,Mercedes,MEDIUM,24,24,1,3,15.1,22.0,68.0,0.8,91.635
RUS,Mercedes,MEDIUM,24,24,1,4,15.1,22.0,68.0,0.8,91.968
VER,Red Bull Racing,MEDIUM,24,24,1,5,15.1,22.0,68.0,0.8,93.02
SAI,Ferrari,MEDIUM,24,24,1,6,15.1,22.0,68.0,0.8,92.734
OCO,Alpine,MEDIUM,2,23,3,18,15.1,22.0,69.0,0.8,95.488
HUL,Haas F1 Team,MEDIUM,24,24,1,7,15.1,22.0,69.0,0.8,93.352
ALO,Aston Martin,MEDIUM,24,24,1,8,15.1,22.0,69.0,0.8,94.088
STR,Aston Martin,MEDIUM,24,24,1,9,15.1,22.0,69.0,0.8,94.585
TSU,RB,MEDIUM,24,24,1,10,15.1,22.0,69.0,0.8,94.106
ALB,Williams,MEDIUM,24,24,1,11,15.1,22.0,69.0,0.8,93.96
MAG,Haas F1 Team,MEDIUM,24,24,1,12,15.1,22.0,69.0,0.8,93.625
SAR,Williams,MEDIUM,24,24,1,13,15.1,22.0,69.0,0.8,94.037
RIC,RB,MEDIUM,24,24,1,14,15.1,22.0,69.0,0.8,96.483
BOT,Kick Sauber,MEDIUM,24,24,1,15,15.1,22.0,69.0,0.8,97.35
ZHO,Kick Sauber,INTERMEDIATE,4,23,3,19,15.1,22.0,69.0,0.8,110.081
NOR,McLaren,MEDIUM,25,25,1,1,15.1,22.0,67.0,1.0,94.307
PIA,McLaren,MEDIUM,25,25,1,2,15.1,22.0,67.0,1.0,94.271
HAM,Mercedes,MEDIUM,25,25,1,3,15.1,22.0,67.0,1.0,94.988
RUS,Mercedes,MEDIUM,25,25,1,4,15.1,22.0,67.0,1.0,94.781
LEC,Ferrari,INTERMEDIATE,5,24,2,16,15.1,22.0,67.0,1.0,111.732
VER,Red Bull Racing,MEDIUM,25,25,1,5,15.1,22.0,67.0,1.0,96.063
SAI,Ferrari,MEDIUM,25,25,1,6,15.1,22.0,67.0,1.0,95.143
PER,Red Bull Racing,INTERMEDIATE,5,24,2,17,15.1,22.0,67.0,1.0,110.729
OCO,Alpine,MEDIUM,3,24,3,18,15.1,22.0,67.0,1.0,98.005
HUL,Haas F1 Team,MEDIUM,25,25,1,7,15.1,22.0,67.0,1.0,95.918
ALO,Aston Martin,MEDIUM,25,25,1,8,15.1,22.0,67.0,1.0,95.687
STR,Aston Martin,MEDIUM,25,25,1,9,15.1,22.0,67.0,1.0,95.351
TSU,RB,MEDIUM,25,25,1,10,15.1,22.0,67.0,1.0,95.473
ALB,Williams,MEDIUM,25,25,1,11,15.1,22.0,67.0,1.0,95.612
MAG,Haas F1 Team,MEDIUM,25,25,1,12,15.1,22.0,67.0,1.0,95.15
SAR,Williams,MEDIUM,25,25,1,13,15.1,22.0,67.0,1.0,96.166
RIC,RB,MEDIUM,25,25,1,14,15.1,21.5,68.0,0.9,98.725
BOT,Kick Sauber,MEDIUM,25,25,1,15,15.1,21.5,68.0,0.9,99.761
ZHO,Kick Sauber,INTERMEDIATE,5,24,3,19,15.1,21.5,68.0,0.9,108.867
NOR,McLaren,MEDIUM,26,26,1,1,15.1,21.4,68.0,0.7,101.515
PIA,McLaren,MEDIUM,26,26,1,2,15.1,21.4,68.0,0.7,100.622
HAM,Mercedes,MEDIUM,26,26,1,3,15.1,21.4,68.0,0.7,100.792
RUS,Mercedes,MEDIUM,26,26,1,4,15.1,21.4,68.0,0.7,99.949
LEC,Ferrari,INTERMEDIATE,6,25,2,16,15.1,21.4,68.0,0.7,109.301
PER,Red Bull Racing,INTERMEDIATE,6,25,2,17,15.1,21.4,68.0,0.7,107.327
OCO,Alpine,MEDIUM,4,25,3,18,15.1,21.4,68.0,0.7,107.432
ALO,Aston Martin,MEDIUM,26,26,1,9,15.1,21.4,68.0,0.7,103.618
TSU,RB,MEDIUM,26,26,1,10,15.1,21.4,68.0,0.7,103.26
ALB,Williams,MEDIUM,26,26,1,11,15.1,21.4,68.0,0.7,103.771
MAG,Haas F1 Team,MEDIUM,26,26,1,12,15.1,21.4,68.0,0.7,105.466
SAR,Williams,MEDIUM,26,26,1,13,15.1,21.4,68.0,0.7,104.642
ZHO,Kick Sauber,INTERMEDIATE,6,25,3,19,15.1,21.2,68.0,0.6,108.245
PIA,McLaren,MEDIUM,27,27,1,3,15.1,21.2,68.0,0.6,109.747
LEC,Ferrari,INTERMEDIATE,7,26,2,16,15.0,21.1,70.0,1.0,105.655
PER,Red Bull Racing,INTERMEDIATE,7,26,2,17,15.0,21.1,70.0,1.0,105.736
VER,Red Bull Racing,INTERMEDIATE,2,28,2,4,15.0,21.0,69.0,0.9,101.176
SAI,Ferrari,INTERMEDIATE,2,28,2,6,14.9,20.9,71.0,1.1,102.641
PER,Red Bull Racing,INTERMEDIATE,8,27,2,17,14.9,20.9,71.0,1.1,112.538
HUL,Haas F1 Team,INTERMEDIATE,2,28,2,7,14.9,20.9,71.0,1.1,101.897
STR,Aston Martin,INTERMEDIATE,2,28,2,8,14.9,20.9,71.0,1.1,102.187
RIC,RB,INTERMEDIATE,2,28,2,14,14.9,20.9,71.0,1.1,103.338
BOT,Kick Sauber,INTERMEDIATE,2,28,2,15,14.9,20.7,70.0,0.9,102.562
NOR,McLaren,INTERMEDIATE,2,29,2,1,14.9,20.7,70.0,0.9,100.266
HAM,Mercedes,INTERMEDIATE,2,29,2,2,14.9,20.7,70.0,0.9,100.42
VER,Red Bull Racing,INTERMEDIATE,3,29,2,3,14.9,20.7,70.0,0.9,101.533
RUS,Mercedes,INTERMEDIATE,2,29,2,4,14.9,20.7,70.0,0.9,100.405
SAI,Ferrari,INTERMEDIATE,3,29,2,5,14.9,20.7,70.0,0.9,102.447
HUL,Haas F1 Team,INTERMEDIATE,3,29,2,7,14.9,20.7,72.0,1.0,102.641
STR,Aston Martin,INTERMEDIATE,3,29,2,8,14.9,20.7,72.0,1.0,102.992
ALO,Aston Martin,INTERMEDIATE,2,29,2,9,14.9,20.7,72.0,1.0,103.072
TSU,RB,INTERMEDIATE,2,29,2,10,14.9,20.7,72.0,1.0,103.749
OCO,Alpine,INTERMEDIATE,2,28,4,18,14.9,20.7,72.0,1.0,101.716
ALB,Williams,INTERMEDIATE,2,29,2,11,14.9,20.7,72.0,1.0,101.726
MAG,Haas F1 Team,INTERMEDIATE,2,29,2,12,14.9,20.7,72.0,1.0,102.842
SAR,Williams,INTERMEDIATE,2,29,2,13,14.9,20.7,72.0,1.0,102.215
RIC,RB,INTERMEDIATE,3,29,2,14,14.9,20.7,72.0,1.0,103.377
BOT,Kick Sauber,INTERMEDIATE,3,29,2,15,14.9,20.7,72.0,1.0,103.302
ZHO,Kick Sauber,INTERMEDIATE,2,28,4,19,14.9,20.7,72.0,1.0,101.866
NOR,McLaren,INTERMEDIATE,3,30,2,1,14.8,20.7,73.0,1.7,100.717
HAM,Mercedes,INTERMEDIATE,3,30,2,2,14.8,20.7,73.0,1.7,100.467
VER,Red Bull Racing,INTERMEDIATE,4,30,2,3,14.8,20.7,73.0,1.7,102.098
RUS,Mercedes,INTERMEDIATE,3,30,2,4,14.8,20.7,73.0,1.7,101.237
SAI,Ferrari,INTERMEDIATE,4,30,2,5,14.8,20.7,73.0,1.7,102.737
PIA,McLaren,INTERMEDIATE,2,30,2,6,14.8,20.7,73.0,1.7,100.492
LEC,Ferrari,INTERMEDIATE,2,29,3,16,14.8,20.7,73.0,1.7,101.602
HUL,Haas F1 Team,INTERMEDIATE,4,30,2,7,14.8,20.7,73.0,1.7,102.811
STR,Aston Martin,INTERMEDIATE,4,30,2,8,14.8,20.7,73.0,1.7,103.066
ALO,Aston Martin,INTERMEDIATE,3,30,2,9,14.8,20.7,73.0,1.7,102.577
TSU,RB,INTERMEDIATE,3,30,2,10,14.8,20.7,73.0,1.7,102.967
OCO,Alpine,INTERMEDIATE,3,29,4,18,14.8,20.7,73.0,1.7,102.362
ALB,Williams,INTERMEDIATE,3,30,2,11,14.7,20.7,73.0,1.4,103.271
MAG,Haas F1 Team,INTERMEDIATE,3,30,2,12,14.7,20.7,73.0,1.4,102.133
SAR,Williams,INTERMEDIATE,3,30,2,13,14.7,20.7,73.0,1.4,102.476
RIC,RB,INTERMEDIATE,4,30,2,14,14.7,20.7,73.0,1.4,103.298
BOT,Kick Sauber,INTERMEDIATE,4,30,2,15,14.7,20.7,73.0,1.4,103.472
ZHO,Kick Sauber,INTERMEDIATE,3,29,4,19,14.7,20.7,73.0,1.4,101.993
NOR,McLaren,INTERMEDIATE,4,31,2,1,14.7,20.7,73.0,1.4,101.313
HAM,Mercedes,INTERMEDIATE,4,31,2,2,14.7,20.7,73.0,1.4,101.538
VER,Red Bull Racing,INTERMEDIATE,5,31,2,3,14.6,20.7,73.0,1.7,102.025
RUS,Mercedes,INTERMEDIATE,4,31,2,4,14.6,20.7,73.0,1.7,101.902
SAI,Ferrari,INTERMEDIATE,5,31,2,5,14.6,20.7,73.0,1.7,103.007
PIA,McLaren,INTERMEDIATE,3,31,2,6,14.6,20.7,73.0,1.7,102.161
LEC,Ferrari,INTERMEDIATE,3,30,3,16,14.6,20.7,73.0,1.7,102.299
HUL,Haas F1 Team,INTERMEDIATE,5,31,2,7,14.6,20.7,73.0,1.7,103.274
STR,Aston Martin,INTERMEDIATE,5,31,2,8,14.6,20.7,73.0,1.7,103.714
PER,Red Bull Racing,INTERMEDIATE,2,30,3,17,14.6,20.7,73.0,1.7,100.021
ALO,Aston Martin,INTERMEDIATE,4,31,2,9,14.6,20.7,73.0,1.7,102.796
TSU,RB,INTERMEDIATE,4,31,2,10,14.6,20.7,73.0,1.7,103.355
OCO,Alpine,INTERMEDIATE,4,30,4,18,14.6,20.7,73.0,1.7,103.336
ALB,Williams,INTERMEDIATE,4,31,2,11,14.6,20.7,73.0,1.7,103.229
MAG,Haas F1 Team,INTERMEDIATE,4,31,2,12,14.6,20.7,73.0,1.7,104.06
SAR,Williams,INTERMEDIATE,4,31,2,13,14.6,20.7,73.0,1.7,104.332
RIC,RB,INTERMEDIATE,5,31,2,14,14.6,20.7,73.0,1.7,103.699
BOT,Kick Sauber,INTERMEDIATE,5,31,2,15,14.5,20.7,73.0,1.6,104.51
ZHO,Kick Sauber,INTERMEDIATE,4,30,4,19,14.5,20.7,73.0,1.6,103.157
NOR,McLaren,INTERMEDIATE,5,32,2,1,14.5,20.7,73.0,1.6,102.216
HAM,Mercedes,INTERMEDIATE,5,32,2,2,14.5,20.7,73.0,1.6,102.475
VER,Red Bull Racing,INTERMEDIATE,6,32,2,3,14.5,20.7,73.0,1.6,102.538
RUS,Mercedes,INTERMEDIATE,5,32,2,4,14.5,20.7,73.0,1.6,103.085
SAI,Ferrari,INTERMEDIATE,6,32,2,5,14.5,20.7,73.0,1.6,103.298
PIA,McLaren,INTERMEDIATE,4,32,2,6,14.5,20.7,73.0,1.6,103.137
LEC,Ferrari,INTERMEDIATE,4,31,3,16,14.5,20.7,74.0,1.4,103.95
HUL,Haas F1 Team,INTERMEDIATE,6,32,2,7,14.5,20.7,74.0,1.4,104.134
STR,Aston Martin,INTERMEDIATE,6,32,2,8,14.5,20.7,74.0,1.4,104.545
PER,Red Bull Racing,INTERMEDIATE,3,31,3,17,14.5,20.7,74.0,1.4,102.676
ALO,Aston Martin,INTERMEDIATE,5,32,2,9,14.5,20.7,74.0,1.4,103.69
TSU,RB,INTERMEDIATE,5,32,2,10,14.5,20.7,74.0,1.4,104.456
OCO,Alpine,INTERMEDIATE,5,31,4,18,14.5,20.7,74.0,1.4,104.019
ALB,Williams,INTERMEDIATE,5,32,2,11,14.5,20.7,74.0,1.4,104.304
MAG,Haas F1 Team,INTERMEDIATE,5,32,2,12,14.5,20.7,74.0,1.4,105.084
SAR,Williams,INTERMEDIATE,5,32,2,13,14.5,20.7,74.0,1.4,104.912
RIC,RB,INTERMEDIATE,6,32,2,14,14.5,20.7,74.0,1.4,104.144
BOT,Kick Sauber,INTERMEDIATE,6,32,2,15,14.5,20.7,74.0,1.4,105.199
ZHO,Kick Sauber,INTERMEDIATE,5,31,4,19,14.6,21.0,75.0,0.5,104.316
NOR,McLaren,INTERMEDIATE,6,33,2,1,14.6,21.0,75.0,0.5,102.607
HAM,Mercedes,INTERMEDIATE,6,33,2,2,14.6,21.0,75.0,0.5,102.435
VER,Red Bull Racing,INTERMEDIATE,7,33,2,3,14.6,21.0,75.0,0.5,102.606
SAI,Ferrari,INTERMEDIATE,7,33,2,5,14.6,21.0,75.0,0.5,103.201
PIA,McLaren,INTERMEDIATE,5,33,2,6,14.6,21.0,75.0,0.5,103.325
LEC,Ferrari,INTERMEDIATE,5,32,3,16,14.6,21.0,75.0,0.5,103.795
HUL,Haas F1 Team,INTERMEDIATE,7,33,2,7,14.6,21.0,75.0,0.5,103.685
STR,Aston Martin,INTERMEDIATE,7,33,2,8,14.6,21.0,75.0,0.5,104.213
PER,Red Bull Racing,INTERMEDIATE,4,32,3,17,14.6,21.0,75.0,0.5,104.035
ALO,Aston Martin,INTERMEDIATE,6,33,2,9,14.6,21.2,76.0,1.6,104.262
TSU,RB,INTERMEDIATE,6,33,2,10,14.6,21.2,76.0,1.6,104.979
OCO,Alpine,INTERMEDIATE,6,32,4,18,14.6,21.2,76.0,1.6,104.673
ALB,Williams,INTERMEDIATE,6,33,2,11,14.6,21.2,76.0,1.6,104.82
MAG,Haas F1 Team,INTERMEDIATE,6,33,2,12,14.6,21.2,76.0,1.6,105.266
SAR,Williams,INTERMEDIATE,6,33,2,13,14.6,21.2,76.0,1.6,105.684
RIC,RB,INTERMEDIATE,7,33,2,14,14.6,21.2,76.0,1.6,104.855
BOT,Kick Sauber,INTERMEDIATE,7,33,2,15,14.6,21.2,76.0,1.6,105.552
ZHO,Kick Sauber,INTERMEDIATE,6,32,4,19,14.6,21.2,76.0,1.6,105.029
NOR,McLaren,INTERMEDIATE,7,34,2,1,14.6,21.2,76.0,1.6,103.078
HAM,Mercedes,INTERMEDIATE,7,34,2,2,14.6,21.3,76.0,1.5,102.757
VER,Red Bull Racing,INTERMEDIATE,8,34,2,3,14.6,21.3,76.0,1.5,102.447
SAI,Ferrari,INTERMEDIATE,8,34,2,4,14.6,21.3,76.0,1.5,102.794
PIA,McLaren,INTERMEDIATE,6,34,2,5,14.6,21.3,76.0,1.5,103.954
LEC,Ferrari,INTERMEDIATE,6,33,3,16,14.6,21.3,76.0,1.5,103.217
HUL,Haas F1 Team,INTERMEDIATE,8,34,2,6,14.6,21.3,76.0,1.5,104.263
STR,Aston Martin,INTERMEDIATE,8,34,2,7,14.6,21.3,76.0,1.5,104.171
PER,Red Bull Racing,INTERMEDIATE,5,33,3,17,14.6,21.3,76.0,1.5,104.641
ALO,Aston Martin,INTERMEDIATE,7,34,2,8,14.6,21.3,76.0,1.5,104.375
TSU,RB,INTERMEDIATE,7,34,2,9,14.6,21.3,76.0,1.5,104.923
OCO,Alpine,INTERMEDIATE,7,33,4,18,14.6,21.3,76.0,1.5,105.29
ALB,Williams,INTERMEDIATE,7,34,2,10,14.6,21.3,76.0,1.5,105.216
MAG,Haas F1 Team,INTERMEDIATE,7,34,2,11,14.5,21.2,75.0,1.4,106.135
SAR,Williams,INTERMEDIATE,7,34,2,12,14.5,21.2,75.0,1.4,106.095
RIC,RB,INTERMEDIATE,8,34,2,13,14.5,21.2,75.0,1.4,105.969
BOT,Kick Sauber,INTERMEDIATE,8,34,2,14,14.5,21.2,75.0,1.4,105.199
ZHO,Kick Sauber,INTERMEDIATE,7,33,4,19,14.5,21.2,75.0,1.4,105.412
NOR,McLaren,INTERMEDIATE,8,35,2,1,14.5,21.2,75.0,1.4,102.935
HAM,Mercedes,INTERMEDIATE,8,35,2,2,14.5,21.2,75.0,1.4,102.271
VER,Red Bull Racing,INTERMEDIATE,9,35,2,3,14.5,21.2,75.0,1.4,103.029
SAI,Ferrari,INTERMEDIATE,9,35,2,4,14.6,21.2,75.0,1.7,103.59
PIA,McLaren,INTERMEDIATE,7,35,2,5,14.6,21.2,75.0,1.7,103.309
LEC,Ferrari,INTERMEDIATE,7,34,3,15,14.6,21.2,75.0,1.7,103.604
HUL,Haas F1 Team,INTERMEDIATE,9,35,2,6,14.6,21.2,75.0,1.7,104.042
STR,Aston Martin,INTERMEDIATE,9,35,2,7,14.6,21.2,75.0,1.7,104.422
PER,Red Bull Racing,INTERMEDIATE,6,34,3,16,14.6,21.2,75.0,1.7,105.045
ALO,Aston Martin,INTERMEDIATE,8,35,2,8,14.6,21.2,75.0,1.7,104.251
TSU,RB,INTERMEDIATE,8,35,2,9,14.6,21.2,75.0,1.7,104.782
OCO,Alpine,INTERMEDIATE,8,34,4,17,14.6,21.2,75.0,1.7,105.511
ALB,Williams,INTERMEDIATE,8,35,2,10,14.6,21.2,75.0,1.7,105.202
MAG,Haas F1 Team,INTERMEDIATE,8,35,2,11,14.6,21.2,75.0,1.7,105.557
SAR,Williams,INTERMEDIATE,8,35,2,12,14.6,21.2,75.0,1.7,105.851
RIC,RB,INTERMEDIATE,9,35,2,13,14.6,21.2,75.0,1.7,105.535
BOT,Kick Sauber,INTERMEDIATE,9,35,2,14,14.5,21.4,76.0,1.2,105.476
NOR,McLaren,INTERMEDIATE,9,36,2,1,14.5,21.4,76.0,1.2,102.34
HAM,Mercedes,INTERMEDIATE,9,36,2,2,14.5,21.4,76.0,1.2,101.924
ZHO,Kick Sauber,INTERMEDIATE,8,34,4,18,14.5,21.4,76.0,1.2,108.01
VER,Red Bull Racing,INTERMEDIATE,10,36,2,3,14.5,21.4,76.0,1.2,101.958
SAI,Ferrari,INTERMEDIATE,10,36,2,4,14.5,21.4,76.0,1.2,102.748
PIA,McLaren,INTERMEDIATE,8,36,2,5,14.5,21.4,76.0,1.2,102.52
LEC,Ferrari,INTERMEDIATE,8,35,3,15,14.5,21.4,76.0,1.2,102.415
HUL,Haas F1 Team,INTERMEDIATE,10,36,2,6,14.6,22.5,78.0,1.3,103.044
STR,Aston Martin,INTERMEDIATE,10,36,2,7,14.6,22.5,78.0,1.3,103.0
PER,Red Bull Racing,INTERMEDIATE,7,35,3,16,14.6,22.5,78.0,1.3,103.534
ALO,Aston Martin,INTERMEDIATE,9,36,2,8,14.6,22.5,78.0,1.3,102.513
TSU,RB,INTERMEDIATE,9,36,2,9,14.6,22.5,78.0,1.3,102.726
OCO,Alpine,INTERMEDIATE,9,35,4,17,14.6,22.5,78.0,1.3,102.995
ALB,Williams,INTERMEDIATE,9,36,2,10,14.6,22.5,78.0,1.3,103.075
MAG,Haas F1 Team,INTERMEDIATE,9,36,2,11,14.6,22.5,78.0,1.3,103.611
SAR,Williams,INTERMEDIATE,9,36,2,12,14.6,22.5,78.0,1.3,103.365
RIC,RB,INTERMEDIATE,10,36,2,13,14.6,22.5,78.0,1.3,103.213
BOT,Kick Sauber,INTERMEDIATE,10,36,2,14,14.6,22.5,78.0,1.3,102.968
NOR,McLaren,INTERMEDIATE,10,37,2,1,14.6,23.8,77.0,1.8,99.786
HAM,Mercedes,INTERMEDIATE,10,37,2,2,14.6,23.8,77.0,1.8,99.711
ZHO,Kick Sauber,INTERMEDIATE,9,35,4,18,14.6,23.8,77.0,1.8,102.569
VER,Red Bull Racing,INTERMEDIATE,11,37,2,3,14.6,23.8,77.0,1.8,98.869
SAI,Ferrari,INTERMEDIATE,11,37,2,4,14.6,23.8,77.0,1.8,100.432
PIA,McLaren,INTERMEDIATE,9,37,2,5,14.6,23.8,77.0,1.8,99.635
LEC,Ferrari,INTERMEDIATE,9,36,3,15,14.6,23.8,77.0,1.8,100.091
HUL,Haas F1 Team,INTERMEDIATE,11,37,2,6,14.6,23.8,77.0,1.8,100.657
STR,Aston Martin,INTERMEDIATE,11,37,2,7,14.6,23.8,77.0,1.8,100.825
PER,Red Bull Racing,INTERMEDIATE,8,36,3,16,14.6,23.8,77.0,1.8,101.845
ALO,Aston Martin,INTERMEDIATE,10,37,2,8,14.6,23.8,77.0,1.8,100.747
TSU,RB,INTERMEDIATE,10,37,2,9,14.6,24.2,76.0,1.9,101.098
OCO,Alpine,INTERMEDIATE,10,36,4,17,14.6,24.2,76.0,1.9,101.215
ALB,Williams,INTERMEDIATE,10,37,2,10,14.6,24.2,76.0,1.9,100.273
SAR,Williams,INTERMEDIATE,10,37,2,13,14.6,24.2,76.0,1.9,102.207
NOR,McLaren,INTERMEDIATE,11,38,2,1,14.6,24.2,76.0,1.9,97.999
ZHO,Kick Sauber,INTERMEDIATE,10,36,4,18,14.6,24.2,76.0,1.9,102.823
SAI,Ferrari,INTERMEDIATE,12,38,2,5,14.6,24.6,78.0,1.4,98.37
HUL,Haas F1 Team,INTERMEDIATE,12,38,2,6,14.6,24.6,78.0,1.4,98.854
STR,Aston Martin,INTERMEDIATE,12,38,2,7,14.6,24.6,78.0,1.4,99.373
OCO,Alpine,INTERMEDIATE,11,37,4,17,14.6,24.6,78.0,1.4,102.235
MAG,Haas F1 Team,SOFT,2,39,3,11,15.1,24.4,74.0,0.8,93.212
RIC,RB,SOFT,2,39,3,13,15.1,24.4,74.0,0.8,93.138
HAM,Mercedes,SOFT,3,40,3,1,15.2,24.2,73.0,2.2,90.318
VER,Red Bull Racing,HARD,2,40,3,3,15.2,24.2,73.0,2.2,90.056
BOT,Kick Sauber,SOFT,2,39,3,14,15.2,24.2,73.0,2.2,97.114
PIA,McLaren,MEDIUM,2,40,3,4,15.2,24.2,73.0,2.2,89.913
LEC,Ferrari,SOFT,2,39,4,15,15.2,24.2,73.0,2.2,91.481
PER,Red Bull Racing,MEDIUM,2,39,4,16,15.3,24.2,76.0,1.1,92.722
ALO,Aston Martin,MEDIUM,2,40,3,8,15.3,24.2,76.0,1.1,91.146
TSU,RB,SOFT,2,40,3,9,15.3,24.2,76.0,1.1,92.318
ALB,Williams,MEDIUM,2,40,3,10,15.3,24.2,76.0,1.1,90.889
MAG,Haas F1 Team,SOFT,3,40,3,11,15.3,24.2,76.0,1.1,92.071
SAR,Williams,SOFT,2,40,3,12,15.3,24.2,76.0,1.1,91.353
RIC,RB,SOFT,3,40,3,13,15.3,24.2,76.0,1.1,92.428
HAM,Mercedes,SOFT,4,41,3,1,15.3,24.2,76.0,1.1,90.118
NOR,McLaren,SOFT,4,41,3,2,15.3,24.2,76.0,1.1,89.733
VER,Red Bull Racing,HARD,3,41,3,3,15.3,24.2,76.0,1.1,89.604
BOT,Kick Sauber,SOFT,3,40,3,14,15.3,24.2,76.0,1.1,92.973
PIA,McLaren,MEDIUM,3,41,3,4,15.3,24.2,76.0,1.1,89.574
SAI,Ferrari,HARD,2,41,3,5,15.3,24.7,75.0,0.8,90.475
ZHO,Kick Sauber,SOFT,3,39,5,18,15.3,24.7,75.0,0.8,92.696
LEC,Ferrari,SOFT,3,40,4,15,15.3,24.7,75.0,0.8,90.878
HUL,Haas F1 Team,SOFT,5,41,3,6,15.3,24.7,75.0,0.8,91.097
STR,Aston Martin,MEDIUM,2,41,3,7,15.3,24.7,75.0,0.8,90.098
ALO,Aston Martin,MEDIUM,3,41,3,8,15.3,24.7,75.0,0.8,90.594
PER,Red Bull Racing,MEDIUM,3,40,4,16,15.3,24.7,75.0,0.8,93.219
TSU,RB,SOFT,3,41,3,9,15.3,24.7,75.0,0.8,90.812
ALB,Williams,MEDIUM,3,41,3,10,15.3,24.7,75.0,0.8,90.715
MAG,Haas F1 Team,SOFT,4,41,3,11,15.3,24.7,75.0,0.8,90.61
SAR,Williams,SOFT,3,41,3,12,15.3,24.7,75.0,0.8,90.875
RIC,RB,SOFT,4,41,3,13,15.3,24.7,75.0,0.8,91.289
OCO,Alpine,MEDIUM,2,40,5,17,15.3,24.7,75.0,0.8,92.838
HAM,Mercedes,SOFT,5,42,3,1,15.2,25.0,75.0,1.4,89.617
NOR,McLaren,SOFT,5,42,3,2,15.2,25.0,75.0,1.4,90.006
VER,Red Bull Racing,HARD,4,42,3,3,15.2,25.0,75.0,1.4,89.472
PIA,McLaren,MEDIUM,4,42,3,4,15.2,25.0,75.0,1.4,89.581
BOT,Kick Sauber,SOFT,4,41,3,14,15.2,25.0,75.0,1.4,93.344
SAI,Ferrari,HARD,3,42,3,5,15.2,25.0,75.0,1.4,89.872
LEC,Ferrari,SOFT,4,41,4,15,15.2,25.0,75.0,1.4,90.035
ZHO,Kick Sauber,SOFT,4,40,5,18,15.2,25.0,75.0,1.4,93.17
HUL,Haas F1 Team,SOFT,6,42,3,6,15.2,25.0,75.0,1.4,90.701
STR,Aston Martin,MEDIUM,3,42,3,7,15.3,24.9,75.0,1.6,90.161
ALO,Aston Martin,MEDIUM,4,42,3,8,15.3,24.9,75.0,1.6,90.167
PER,Red Bull Racing,MEDIUM,4,41,4,16,15.3,24.9,75.0,1.6,90.689
TSU,RB,SOFT,4,42,3,9,15.3,24.9,75.0,1.6,90.319
ALB,Williams,MEDIUM,4,42,3,10,15.3,24.9,75.0,1.6,90.458
MAG,Haas F1 Team,SOFT,5,42,3,11,15.3,24.9,75.0,1.6,90.093
SAR,Williams,SOFT,4,42,3,12,15.3,24.9,75.0,1.6,89.972
RIC,RB,SOFT,5,42,3,13,15.3,24.9,75.0,1.6,90.765
OCO,Alpine,MEDIUM,3,41,5,17,15.3,24.9,75.0,1.6,91.114
HAM,Mercedes,SOFT,6,43,3,1,15.3,24.9,75.0,1.6,89.793
NOR,McLaren,SOFT,6,43,3,2,15.3,24.9,75.0,1.6,89.262
VER,Red Bull Racing,HARD,5,43,3,3,15.3,24.9,75.0,1.6,89.105
PIA,McLaren,MEDIUM,5,43,3,4,15.3,24.9,75.0,1.6,89.286
BOT,Kick Sauber,SOFT,5,42,3,14,15.4,24.5,72.0,2.0,92.348
SAI,Ferrari,HARD,4,43,3,5,15.4,24.5,72.0,2.0,89.872
LEC,Ferrari,SOFT,5,42,4,15,15.4,24.5,72.0,2.0,89.832
ZHO,Kick Sauber,SOFT,5,41,5,18,15.4,24.5,72.0,2.0,91.151
HUL,Haas F1 Team,SOFT,7,43,3,6,15.4,24.5,72.0,2.0,89.836
STR,Aston Martin,MEDIUM,4,43,3,7,15.4,24.5,72.0,2.0,90.196
ALO,Aston Martin,MEDIUM,5,43,3,8,15.4,24.5,72.0,2.0,90.098
PER,Red Bull Racing,MEDIUM,5,42,4,16,15.4,24.5,72.0,2.0,90.542
TSU,RB,SOFT,5,43,3,9,15.4,24.5,72.0,2.0,90.229
ALB,Williams,MEDIUM,5,43,3,10,15.4,24.5,72.0,2.0,90.126
MAG,Haas F1 Team,SOFT,6,43,3,11,15.4,24.5,72.0,2.0,90.454
SAR,Williams,SOFT,5,43,3,12,15.4,24.5,72.0,2.0,90.162
RIC,RB,SOFT,6,43,3,13,15.4,24.5,73.0,2.0,91.198
OCO,Alpine,MEDIUM,4,42,5,17,15.4,24.5,73.0,2.0,91.187
HAM,Mercedes,SOFT,7,44,3,1,15.4,24.5,73.0,2.0,89.697
NOR,McLaren,SOFT,7,44,3,2,15.4,24.5,73.0,2.0,89.752
VER,Red Bull Racing,HARD,6,44,3,3,15.4,24.5,73.0,2.0,89.372
PIA,McLaren,MEDIUM,6,44,3,4,15.4,24.5,73.0,2.0,89.221
BOT,Kick Sauber,SOFT,6,43,3,14,15.4,24.5,73.0,2.0,91.732
SAI,Ferrari,HARD,5,44,3,5,15.4,24.5,73.0,2.0,89.739
LEC,Ferrari,SOFT,6,43,4,15,15.4,24.5,73.0,2.0,89.748
ZHO,Kick Sauber,SOFT,6,42,5,18,15.4,24.5,73.0,2.0,91.121
HUL,Haas F1 Team,SOFT,8,44,3,6,15.4,24.5,73.0,2.0,90.392
STR,Aston Martin,MEDIUM,5,44,3,7,15.5,25.0,73.0,2.0,90.03
ALO,Aston Martin,MEDIUM,6,44,3,8,15.5,25.0,73.0,2.0,89.93
PER,Red Bull Racing,MEDIUM,6,43,4,16,15.5,25.0,73.0,2.0,90.229
TSU,RB,SOFT,6,44,3,9,15.5,25.0,73.0,2.0,90.882
ALB,Williams,MEDIUM,6,44,3,10,15.5,25.0,73.0,2.0,90.74
SAR,Williams,SOFT,6,44,3,11,15.5,25.0,73.0,2.0,90.003
MAG,Haas F1 Team,SOFT,7,44,3,12,15.5,25.0,73.0,2.0,91.342
RIC,RB,SOFT,7,44,3,13,15.5,25.0,73.0,2.0,91.08
OCO,Alpine,MEDIUM,5,43,5,17,15.5,25.0,73.0,2.0,91.084
HAM,Mercedes,SOFT,8,45,3,1,15.5,25.0,73.0,2.0,89.438
NOR,McLaren,SOFT,8,45,3,2,15.5,25.0,73.0,2.0,89.635
VER,Red Bull Racing,HARD,7,45,3,3,15.5,25.0,73.0,2.0,89.137
PIA,McLaren,MEDIUM,7,45,3,4,15.5,25.0,73.0,2.0,89.222
BOT,Kick Sauber,SOFT,7,44,3,14,15.5,25.0,71.0,2.0,91.277
SAI,Ferrari,HARD,6,45,3,5,15.5,25.0,71.0,2.0,89.589
LEC,Ferrari,SOFT,7,44,4,15,15.5,25.0,71.0,2.0,89.933
ZHO,Kick Sauber,SOFT,7,43,5,18,15.5,25.0,71.0,2.0,91.014
HUL,Haas F1 Team,SOFT,9,45,3,6,15.5,25.0,71.0,2.0,90.048
STR,Aston Martin,MEDIUM,6,45,3,7,15.5,25.0,71.0,2.0,90.025
ALO,Aston Martin,MEDIUM,7,45,3,8,15.5,25.0,71.0,2.0,89.871
PER,Red Bull Racing,MEDIUM,7,44,4,16,15.5,25.0,71.0,2.0,90.518
ALB,Williams,MEDIUM,7,45,3,9,15.5,25.0,71.0,2.0,90.406
TSU,RB,SOFT,7,45,3,10,15.5,25.0,71.0,2.0,91.438
SAR,Williams,SOFT,7,45,3,11,15.5,25.0,71.0,2.0,90.613
MAG,Haas F1 Team,SOFT,8,45,3,12,15.5,25.0,71.0,2.0,91.722
RIC,RB,SOFT,8,45,3,13,15.6,24.9,69.0,0.9,90.955
OCO,Alpine,MEDIUM,6,44,5,17,15.6,24.9,69.0,0.9,90.928
HAM,Mercedes,SOFT,9,46,3,1,15.6,24.9,69.0,0.9,89.641
NOR,McLaren,SOFT,9,46,3,2,15.6,24.9,69.0,0.9,89.96
VER,Red Bull Racing,HARD,8,46,3,3,15.6,24.9,69.0,0.9,89.543
PIA,McLaren,MEDIUM,8,46,3,4,15.6,24.9,69.0,0.9,89.233
SAI,Ferrari,HARD,7,46,3,5,15.6,24.9,69.0,0.9,89.588
BOT,Kick Sauber,SOFT,8,45,3,14,15.6,24.9,69.0,0.9,93.159
LEC,Ferrari,SOFT,8,45,4,15,15.6,24.9,69.0,0.9,89.911
ZHO,Kick Sauber,SOFT,8,44,5,18,15.6,24.9,69.0,0.9,91.378
HUL,Haas F1 Team,SOFT,10,46,3,6,15.6,24.9,69.0,0.9,90.185
STR,Aston Martin,MEDIUM,7,46,3,7,15.6,24.9,71.0,1.1,89.897
ALO,Aston Martin,MEDIUM,8,46,3,8,15.6,24.9,71.0,1.1,89.753
PER,Red Bull Racing,MEDIUM,8,45,4,16,15.6,24.9,71.0,1.1,90.565
ALB,Williams,MEDIUM,8,46,3,9,15.6,24.9,71.0,1.1,90.234
TSU,RB,SOFT,8,46,3,10,15.6,24.9,71.0,1.1,91.688
SAR,Williams,SOFT,8,46,3,11,15.6,24.9,71.0,1.1,90.826
MAG,Haas F1 Team,SOFT,9,46,3,12,15.6,24.9,71.0,1.1,91.131
RIC,RB,SOFT,9,46,3,13,15.6,24.9,71.0,1.1,90.849
OCO,Alpine,MEDIUM,7,45,5,17,15.6,24.9,71.0,1.1,90.952
HAM,Mercedes,SOFT,10,47,3,1,15.6,24.9,71.0,1.1,89.538
NOR,McLaren,SOFT,10,47,3,2,15.6,24.9,71.0,1.1,89.838
VER,Red Bull Racing,HARD,9,47,3,3,15.6,24.9,71.0,1.1,89.411
PIA,McLaren,MEDIUM,9,47,3,4,15.6,24.9,71.0,1.1,89.049
SAI,Ferrari,HARD,8,47,3,5,15.7,25.2,71.0,1.2,89.553
BOT,Kick Sauber,SOFT,9,46,3,14,15.7,25.2,71.0,1.2,91.396
LEC,Ferrari,SOFT,9,46,4,15,15.7,25.2,71.0,1.2,90.051
ZHO,Kick Sauber,SOFT,9,45,5,18,15.7,25.2,71.0,1.2,91.36
HUL,Haas F1 Team,SOFT,11,47,3,6,15.7,25.2,71.0,1.2,89.864
STR,Aston Martin,MEDIUM,8,47,3,7,15.7,25.2,71.0,1.2,89.925
ALO,Aston Martin,MEDIUM,9,47,3,8,15.7,25.2,71.0,1.2,89.71
PER,Red Bull Racing,MEDIUM,9,46,4,16,15.7,25.2,71.0,1.2,90.136
ALB,Williams,MEDIUM,9,47,3,9,15.7,25.2,71.0,1.2,90.148
TSU,RB,SOFT,9,47,3,10,15.7,25.2,71.0,1.2,90.982
SAR,Williams,SOFT,9,47,3,11,15.7,25.2,71.0,1.2,91.25
MAG,Haas F1 Team,SOFT,10,47,3,12,15.7,25.2,72.0,1.5,91.036
RIC,RB,SOFT,10,47,3,13,15.7,25.2,72.0,1.5,90.735
OCO,Alpine,MEDIUM,8,46,5,17,15.7,25.2,72.0,1.5,90.875
HAM,Mercedes,SOFT,11,48,3,1,15.7,25.2,72.0,1.5,89.579
VER,Red Bull Racing,HARD,10,48,3,2,15.7,25.2,72.0,1.5,88.952
NOR,McLaren,SOFT,11,48,3,3,15.7,25.2,72.0,1.5,90.556
PIA,McLaren,MEDIUM,10,48,3,4,15.7,25.2,72.0,1.5,89.124
SAI,Ferrari,HARD,9,48,3,5,15.7,25.2,72.0,1.5,89.415
BOT,Kick Sauber,SOFT,10,47,3,14,15.7,25.2,72.0,1.5,91.431
LEC,Ferrari,SOFT,10,47,4,15,15.7,25.2,72.0,1.5,90.289
ZHO,Kick Sauber,SOFT,10,46,5,18,15.7,25.2,72.0,1.5,91.43
HUL,Haas F1 Team,SOFT,12,48,3,6,15.8,25.2,69.0,1.8,90.365
STR,Aston Martin,MEDIUM,9,48,3,7,15.8,25.2,69.0,1.8,90.237
ALO,Aston Martin,MEDIUM,10,48,3,8,15.8,25.2,69.0,1.8,90.114
ALB,Williams,MEDIUM,10,48,3,9,15.8,25.2,69.0,1.8,90.068
TSU,RB,SOFT,10,48,3,10,15.8,25.2,69.0,1.8,91.367
SAR,Williams,SOFT,10,48,3,11,15.8,25.2,69.0,1.8,91.201
MAG,Haas F1 Team,SOFT,11,48,3,12,15.8,25.2,69.0,1.8,90.953
RIC,RB,SOFT,11,48,3,13,15.8,25.2,69.0,1.8,91.109
HAM,Mercedes,SOFT,12,49,3,1,15.8,25.2,69.0,1.8,89.667
OCO,Alpine,MEDIUM,9,47,5,17,15.8,25.2,69.0,1.8,93.599
VER,Red Bull Racing,HARD,11,49,3,2,15.8,25.2,69.0,1.8,89.56
NOR,McLaren,SOFT,12,49,3,3,15.8,25.2,69.0,1.8,90.515
PIA,McLaren,MEDIUM,11,49,3,4,15.8,25.2,69.0,1.8,89.283
SAI,Ferrari,HARD,10,49,3,5,15.8,25.4,69.0,1.7,89.439
BOT,Kick Sauber,SOFT,11,48,3,14,15.8,25.4,69.0,1.7,92.006
LEC,Ferrari,SOFT,11,48,4,15,15.8,25.4,69.0,1.7,90.204
ZHO,Kick Sauber,SOFT,11,47,5,18,15.8,25.4,69.0,1.7,91.283
HUL,Haas F1 Team,SOFT,13,49,3,6,15.8,25.4,69.0,1.7,90.371
STR,Aston Martin,MEDIUM,10,49,3,7,15.8,25.4,69.0,1.7,89.969
ALO,Aston Martin,MEDIUM,11,49,3,8,15.8,25.4,69.0,1.7,90.7
ALB,Williams,MEDIUM,11,49,3,9,15.8,25.4,69.0,1.7,89.96
TSU,RB,SOFT,11,49,3,10,15.8,25.4,69.0,1.7,91.08
SAR,Williams,SOFT,11,49,3,11,15.9,25.5,69.0,1.4,91.175
MAG,Haas F1 Team,SOFT,12,49,3,12,15.9,25.5,69.0,1.4,90.803
HAM,Mercedes,SOFT,13,50,3,1,15.9,25.5,69.0,1.4,89.682
RIC,RB,SOFT,12,49,3,13,15.9,25.5,69.0,1.4,92.926
VER,Red Bull Racing,HARD,12,50,3,2,15.9,25.5,69.0,1.4,89.286
NOR,McLaren,SOFT,13,50,3,3,15.9,25.5,69.0,1.4,90.544
OCO,Alpine,MEDIUM,10,48,5,16,15.9,25.5,69.0,1.4,95.931
PIA,McLaren,MEDIUM,12,50,3,4,15.9,25.5,69.0,1.4,89.958
BOT,Kick Sauber,SOFT,12,49,3,14,15.9,25.5,69.0,1.4,91.688
LEC,Ferrari,SOFT,12,49,4,15,15.9,25.5,69.0,1.4,90.929
ZHO,Kick Sauber,SOFT,12,48,5,18,15.9,25.5,69.0,1.4,91.556
HUL,Haas F1 Team,SOFT,14,50,3,6,15.9,25.3,68.0,1.2,90.47
STR,Aston Martin,MEDIUM,11,50,3,7,15.9,25.3,68.0,1.2,90.03
ALO,Aston Martin,MEDIUM,12,50,3,8,15.9,25.3,68.0,1.2,90.727
ALB,Williams,MEDIUM,12,50,3,9,15.9,25.3,68.0,1.2,89.828
TSU,RB,SOFT,12,50,3,10,15.9,25.3,68.0,1.2,91.407
SAR,Williams,SOFT,12,50,3,11,15.9,25.3,68.0,1.2,91.249
MAG,Haas F1 Team,SOFT,13,50,3,12,15.9,25.3,68.0,1.2,91.143
HAM,Mercedes,SOFT,14,51,3,1,15.9,25.3,68.0,1.2,89.743
VER,Red Bull Racing,HARD,13,51,3,2,15.9,25.3,68.0,1.2,89.443
RIC,RB,SOFT,13,50,3,13,15.9,25.3,68.0,1.2,94.15
NOR,McLaren,SOFT,14,51,3,3,15.9,25.3,68.0,1.2,90.769
OCO,Alpine,MEDIUM,11,49,5,16,15.9,25.3,68.0,1.2,91.06
PIA,McLaren,MEDIUM,13,51,3,4,15.9,25.3,68.0,1.2,88.748
PER,Red Bull Racing,SOFT,2,49,5,17,15.9,25.3,68.0,1.2,97.36
LEC,Ferrari,SOFT,13,50,4,14,15.8,25.2,69.0,0.7,90.488
BOT,Kick Sauber,SOFT,13,50,3,15,15.8,25.2,69.0,0.7,92.32
ZHO,Kick Sauber,SOFT,13,49,5,18,15.8,25.2,69.0,0.7,92.504
HUL,Haas F1 Team,SOFT,15,51,3,6,15.8,25.2,69.0,0.7,90.696
STR,Aston Martin,MEDIUM,12,51,3,7,15.8,25.2,69.0,0.7,90.026
ALO,Aston Martin,MEDIUM,13,51,3,8,15.8,25.2,69.0,0.7,90.592
ALB,Williams,MEDIUM,13,51,3,9,15.8,25.2,69.0,0.7,89.916
TSU,RB,SOFT,13,51,3,10,15.8,25.2,69.0,0.7,91.529
SAR,Williams,SOFT,13,51,3,11,15.8,24.9,68.0,1.9,91.662
MAG,Haas F1 Team,SOFT,14,51,3,12,15.8,24.9,68.0,1.9,91.469
HAM,Mercedes,SOFT,15,52,3,1,15.8,24.9,68.0,1.9,90.146
VER,Red Bull Racing,HARD,14,52,3,2,15.8,24.9,68.0,1.9,89.089
NOR,McLaren,SOFT,15,52,3,3,15.8,24.9,68.0,1.9,90.913
RIC,RB,SOFT,14,51,3,13,15.8,24.9,68.0,1.9,94.814
OCO,Alpine,MEDIUM,12,50,5,16,15.8,24.9,68.0,1.9,91.608
PIA,McLaren,MEDIUM,14,52,3,4,15.8,24.9,68.0,1.9,89.928
PER,Red Bull Racing,SOFT,3,50,5,17,15.8,24.9,68.0,1.9,89.707
LEC,Ferrari,SOFT,14,51,4,14,15.8,24.9,68.0,1.9,91.674
BOT,Kick Sauber,SOFT,14,51,3,15,15.8,24.9,68.0,1.9,92.217
SAI,Ferrari,SOFT,5,52,4,5,15.8,24.9,68.0,1.9,88.293
ZHO,Kick Sauber,SOFT,14,50,5,18,15.8,24.8,69.0,2.1,91.749
HUL,Haas F1 Team,SOFT,16,52,3,6,15.8,24.8,69.0,2.1,90.847
STR,Aston Martin,MEDIUM,13,52,3,7,15.8,24.8,69.0,2.1,90.053
ALO,Aston Martin,MEDIUM,14,52,3,8,15.8,24.8,69.0,2.1,91.43
ALB,Williams,MEDIUM,14,52,3,9,15.8,24.8,69.0,2.1,89.718
TSU,RB,SOFT,14,52,3,10,15.8,24.8,69.0,2.1,92.09
SAR,Williams,SOFT,14,52,3,11,15.8,24.8,69.0,2.1,92.088
MAG,Haas F1 Team,SOFT,15,52,3,12,15.8,24.8,69.0,2.1,91.982
